{
  "version": "V6",
  "timestamp": "2026-04-02T18:12:39.169192",
  "n_slices": 5,
  "n_features_full": 55,
  "n_features_pruned": 30,
  "pruned_features": [
    "cusp3_lock_level",
    "cusp3_transit_orb_inv",
    "cusp4_lock_level",
    "cusp4_transit_orb_inv",
    "cusp10_lock_level",
    "cusp10_transit_orb_inv",
    "cusp8_active",
    "cusp8_transit_orb_inv",
    "cusp12_transit_orb_inv",
    "rank_dasha_quality_score",
    "rank_convergence_proxy",
    "rank_trigger_score",
    "rank_net_activation_score",
    "rank_death_signal_composite",
    "rank_maraka_score",
    "rank_transit_freshness",
    "rank_tightest_orb_inv_primary",
    "rank_n_ingresses_primary",
    "rank_env_x_trigger",
    "rank_total_signal",
    "rank_negative_event_strength",
    "rank_saturn_transit_density",
    "rank_activation_density",
    "rank_net_transit_signal",
    "is_pd_transition",
    "is_ad_transition",
    "karaka_active_count",
    "saturn_dasha_level",
    "dasha_transition_count",
    "deterministic_tier"
  ],
  "pruned_indices": [
    1,
    5,
    8,
    12,
    15,
    19,
    21,
    22,
    24,
    25,
    26,
    27,
    28,
    29,
    30,
    31,
    32,
    33,
    34,
    35,
    36,
    37,
    38,
    39,
    40,
    41,
    45,
    49,
    53,
    54
  ],
  "cv1_metrics": [
    {
      "fold": 1,
      "ensemble_topk": {
        "1": 0.04271356783919598,
        "3": 0.10301507537688442,
        "5": 0.14321608040201006
      },
      "ensemble_topk_tol": {
        "1": 0.10301507537688442,
        "3": 0.22613065326633167,
        "5": 0.314070351758794
      },
      "ensemble_mrr": 0.10820062530772932,
      "clf_mrr": 0.08517568229990616,
      "ranker_mrr": 0.1200213094822477
    },
    {
      "fold": 2,
      "ensemble_topk": {
        "1": 0.04522613065326633,
        "3": 0.08542713567839195,
        "5": 0.11809045226130653
      },
      "ensemble_topk_tol": {
        "1": 0.09045226130653267,
        "3": 0.16834170854271358,
        "5": 0.25879396984924624
      },
      "ensemble_mrr": 0.1019411625870194,
      "clf_mrr": 0.08743043029710205,
      "ranker_mrr": 0.10670010903307857
    },
    {
      "fold": 3,
      "ensemble_topk": {
        "1": 0.04522613065326633,
        "3": 0.07035175879396985,
        "5": 0.09798994974874371
      },
      "ensemble_topk_tol": {
        "1": 0.12311557788944724,
        "3": 0.21105527638190955,
        "5": 0.3015075376884422
      },
      "ensemble_mrr": 0.09608909474727537,
      "clf_mrr": 0.12455668650736067,
      "ranker_mrr": 0.10460989983894456
    },
    {
      "fold": 4,
      "ensemble_topk": {
        "1": 0.022670025188916875,
        "3": 0.05793450881612091,
        "5": 0.07556675062972293
      },
      "ensemble_topk_tol": {
        "1": 0.10327455919395466,
        "3": 0.181360201511335,
        "5": 0.22921914357682618
      },
      "ensemble_mrr": 0.07679840388300298,
      "clf_mrr": 0.12853354836714276,
      "ranker_mrr": 0.10115618488600084
    },
    {
      "fold": 5,
      "ensemble_topk": {
        "1": 0.05037783375314862,
        "3": 0.09571788413098237,
        "5": 0.14105793450881612
      },
      "ensemble_topk_tol": {
        "1": 0.1309823677581864,
        "3": 0.2216624685138539,
        "5": 0.3123425692695214
      },
      "ensemble_mrr": 0.11318390153984913,
      "clf_mrr": 0.0930022576836014,
      "ranker_mrr": 0.11055025726490911
    }
  ],
  "cv2_metrics": [
    {
      "fold": 1,
      "ensemble_topk": {
        "1": 0.04773869346733668,
        "3": 0.08542713567839195,
        "5": 0.12311557788944724
      },
      "ensemble_topk_tol": {
        "1": 0.10301507537688442,
        "3": 0.1934673366834171,
        "5": 0.27386934673366836
      },
      "ensemble_mrr": 0.10374437150753954,
      "clf_mrr": 0.07755911502870164,
      "ranker_mrr": 0.13837372376915885
    },
    {
      "fold": 2,
      "ensemble_topk": {
        "1": 0.03768844221105527,
        "3": 0.06281407035175879,
        "5": 0.09045226130653267
      },
      "ensemble_topk_tol": {
        "1": 0.0829145728643216,
        "3": 0.1507537688442211,
        "5": 0.21105527638190955
      },
      "ensemble_mrr": 0.08340461180343813,
      "clf_mrr": 0.10527185406721204,
      "ranker_mrr": 0.12174928934359172
    },
    {
      "fold": 3,
      "ensemble_topk": {
        "1": 0.05025125628140704,
        "3": 0.08793969849246232,
        "5": 0.135678391959799
      },
      "ensemble_topk_tol": {
        "1": 0.10050251256281408,
        "3": 0.2236180904522613,
        "5": 0.3015075376884422
      },
      "ensemble_mrr": 0.1105146082872209,
      "clf_mrr": 0.12041492888560523,
      "ranker_mrr": 0.11498147985863283
    },
    {
      "fold": 4,
      "ensemble_topk": {
        "1": 0.04030226700251889,
        "3": 0.10327455919395466,
        "5": 0.1561712846347607
      },
      "ensemble_topk_tol": {
        "1": 0.10831234256926953,
        "3": 0.19899244332493704,
        "5": 0.2947103274559194
      },
      "ensemble_mrr": 0.1127113098574912,
      "clf_mrr": 0.11850812491816277,
      "ranker_mrr": 0.12492662696433868
    },
    {
      "fold": 5,
      "ensemble_topk": {
        "1": 0.042821158690176324,
        "3": 0.08564231738035265,
        "5": 0.1309823677581864
      },
      "ensemble_topk_tol": {
        "1": 0.13350125944584382,
        "3": 0.20151133501259447,
        "5": 0.27204030226700254
      },
      "ensemble_mrr": 0.10438255945184562,
      "clf_mrr": 0.0838892370822205,
      "ranker_mrr": 0.11667061238050853
    }
  ],
  "elapsed_seconds": 80.13948512077332
}